[{"model": "material.thermalderating", "pk": 1, "fields": {"version": 0, "reference": "L-80", "celsius25": 1.0, "celsius100": 0.95, "celsius150": 0.91, "celsius200": 0.88, "celsius250": 0.89}}, {"model": "material.thermalderating", "pk": 2, "fields": {"version": 0, "reference": "P-110", "celsius25": 1.0, "celsius100": 0.94, "celsius150": 0.9, "celsius200": 0.89, "celsius250": 0.88}}, {"model": "material.thermalderating", "pk": 3, "fields": {"version": 0, "reference": "P-110 HC", "celsius25": 1.0, "celsius100": 0.95, "celsius150": 0.91, "celsius200": 0.88, "celsius250": 0.87}}, {"model": "material.thermalderating", "pk": 4, "fields": {"version": 0, "reference": "CR13/80KSI", "celsius25": 1.0, "celsius100": 0.93, "celsius150": 0.91, "celsius200": 0.89, "celsius250": 0.86}}, {"model": "material.thermalderating", "pk": 5, "fields": {"version": 0, "reference": "SMSS/95KSI", "celsius25": 1.0, "celsius100": 0.94, "celsius150": 0.92, "celsius200": 0.92, "celsius250": 0.9}}, {"model": "material.thermalderating", "pk": 6, "fields": {"version": 0, "reference": "SMSS/110KSI", "celsius25": 1.0, "celsius100": 0.91, "celsius150": 0.88, "celsius200": 0.86, "celsius250": 0.84}}, {"model": "material.thermalderating", "pk": 7, "fields": {"version": 0, "reference": "SS/110KSI", "celsius25": 1.0, "celsius100": 0.94, "celsius150": 0.9, "celsius200": 0.87, "celsius250": 0.84}}, {"model": "material.thermalderating", "pk": 8, "fields": {"version": 0, "reference": "HCSS/110KSI", "celsius25": 1.0, "celsius100": 0.94, "celsius150": 0.9, "celsius200": 0.87, "celsius250": 0.84}}, {"model": "material.thermalderating", "pk": 9, "fields": {"version": 0, "reference": "HCSS/125KSI", "celsius25": 1.0, "celsius100": 0.94, "celsius150": 0.89, "celsius200": 0.86, "celsius250": 0.84}}, {"model": "material.thermalderating", "pk": 10, "fields": {"version": 0, "reference": "HC/125KSI", "celsius25": 1.0, "celsius100": 0.94, "celsius150": 0.89, "celsius200": 0.86, "celsius250": 0.84}}, {"model": "material.thermalderating", "pk": 11, "fields": {"version": 0, "reference": "SDSS/125", "celsius25": 1.0, "celsius100": 0.94, "celsius150": 0.89, "celsius200": 0.86, "celsius250": 0.84}}, {"model": "material.thermalderating", "pk": 12, "fields": {"version": 9, "reference": "__DEFAULT__", "celsius25": 1.0, "celsius100": 0.9595, "celsius150": 0.9325, "celsius200": 0.9055, "celsius250": 0.8785}}, {"model": "material.thermalderating", "pk": 13, "fields": {"version": 6, "reference": "SS/125KSI", "celsius25": 1.0, "celsius100": 0.94, "celsius150": 0.89, "celsius200": 0.86, "celsius250": 0.84}}, {"model": "material.thermalderating", "pk": 14, "fields": {"version": 6, "reference": "CR13/95KSI", "celsius25": 1.0, "celsius100": 0.93, "celsius150": 0.91, "celsius200": 0.89, "celsius250": 0.87}}, {"model": "material.thermalderating", "pk": 15, "fields": {"version": 7, "reference": "Q-125", "celsius25": 1.0, "celsius100": 0.94, "celsius150": 0.9, "celsius200": 0.87, "celsius250": 0.87}}, {"model": "material.materialstatisticalproperties", "pk": 1, "fields": {"version": 0, "reference": "P110HRSAPI+Blade", "fy_mean": 1.1, "fy_cov": 0.036, "fy_distribution": "normal", "fu_mean": 1.113, "fu_cov": 0.0509, "fu_distribution": "normal", "rs_mean": -0.138, "rs_cov": 0.507, "rs_distribution": "normal", "ks_mean": 1.05, "ks_cov": 0.019, "ks_distribution": "normal", "kt_mean": 0.9991, "kt_cov": 0.067, "kt_distribution": "normal"}}, {"model": "material.materialstatisticalproperties", "pk": 2, "fields": {"version": 0, "reference": "P110CRSAPI+Blade", "fy_mean": 1.1, "fy_cov": 0.0464, "fy_distribution": "normal", "fu_mean": 1.113, "fu_cov": 0.0509, "fu_distribution": "normal", "rs_mean": -0.237, "rs_cov": 0.332, "rs_distribution": "normal", "ks_mean": 1.05, "ks_cov": 0.019, "ks_distribution": "normal", "kt_mean": 0.9991, "kt_cov": 0.067, "kt_distribution": "normal"}}, {"model": "material.materialstatisticalproperties", "pk": 3, "fields": {"version": 0, "reference": "Q125CRSAPI+Blade", "fy_mean": 1.1, "fy_cov": 0.0432, "fy_distribution": "normal", "fu_mean": 1.0744, "fu_cov": 0.0089, "fu_distribution": "normal", "rs_mean": -0.237, "rs_cov": 0.332, "rs_distribution": "normal", "ks_mean": 1.05, "ks_cov": 0.019, "ks_distribution": "normal", "kt_mean": 0.9991, "kt_cov": 0.067, "kt_distribution": "normal"}}, {"model": "material.materialstatisticalproperties", "pk": 4, "fields": {"version": 0, "reference": "Q125HRSAPI+Blade", "fy_mean": 1.1, "fy_cov": 0.0329, "fy_distribution": "normal", "fu_mean": 1.0744, "fu_cov": 0.0089, "fu_distribution": "normal", "rs_mean": -0.138, "rs_cov": 0.507, "rs_distribution": "normal", "ks_mean": 1.05, "ks_cov": 0.019, "ks_distribution": "normal", "kt_mean": 0.9991, "kt_cov": 0.067, "kt_distribution": "normal"}}, {"model": "material.materialstatisticalproperties", "pk": 5, "fields": {"version": 0, "reference": "N80CRSAPI+Blade", "fy_mean": 1.21, "fy_cov": 0.0511, "fy_distribution": "normal", "fu_mean": 1.1581, "fu_cov": 0.0547, "fu_distribution": "normal", "rs_mean": -0.237, "rs_cov": 0.332, "rs_distribution": "normal", "ks_mean": 1.05, "ks_cov": 0.019, "ks_distribution": "normal", "kt_mean": 0.9991, "kt_cov": 0.067, "kt_distribution": "normal"}}, {"model": "material.materialstatisticalproperties", "pk": 6, "fields": {"version": 0, "reference": "N80HRSAPI+Blade", "fy_mean": 1.21, "fy_cov": 0.0405, "fy_distribution": "normal", "fu_mean": 1.1581, "fu_cov": 0.0547, "fu_distribution": "normal", "rs_mean": -0.138, "rs_cov": 0.507, "rs_distribution": "normal", "ks_mean": 1.05, "ks_cov": 0.019, "ks_distribution": "normal", "kt_mean": 0.9991, "kt_cov": 0.067, "kt_distribution": "normal"}}, {"model": "material.materialstatisticalproperties", "pk": 7, "fields": {"version": 0, "reference": "L80CRSAPI+Blade", "fy_mean": 1.1, "fy_cov": 0.0529, "fy_distribution": "normal", "fu_mean": 1.0853, "fu_cov": 0.0333, "fu_distribution": "normal", "rs_mean": -0.237, "rs_cov": 0.332, "rs_distribution": "normal", "ks_mean": 1.05, "ks_cov": 0.019, "ks_distribution": "normal", "kt_mean": 0.9991, "kt_cov": 0.067, "kt_distribution": "normal"}}, {"model": "material.materialstatisticalproperties", "pk": 8, "fields": {"version": 0, "reference": "L80HRSAPI+Blade", "fy_mean": 1.1, "fy_cov": 0.0422, "fy_distribution": "normal", "fu_mean": 1.0853, "fu_cov": 0.0333, "fu_distribution": "normal", "rs_mean": -0.138, "rs_cov": 0.507, "rs_distribution": "normal", "ks_mean": 1.05, "ks_cov": 0.019, "ks_distribution": "normal", "kt_mean": 0.9991, "kt_cov": 0.067, "kt_distribution": "normal"}}, {"model": "material.materialstatisticalproperties", "pk": 9, "fields": {"version": 0, "reference": "J55CRSAPI+Blade", "fy_mean": 1.23, "fy_cov": 0.0719, "fy_distribution": "normal", "fu_mean": 1.3841, "fu_cov": 0.0488, "fu_distribution": "normal", "rs_mean": -0.237, "rs_cov": 0.332, "rs_distribution": "normal", "ks_mean": 1.05, "ks_cov": 0.019, "ks_distribution": "normal", "kt_mean": 0.9991, "kt_cov": 0.067, "kt_distribution": "normal"}}, {"model": "material.materialstatisticalproperties", "pk": 10, "fields": {"version": 0, "reference": "K55CRSAPI+Blade", "fy_mean": 1.23, "fy_cov": 0.0719, "fy_distribution": "normal", "fu_mean": 1.104, "fu_cov": 0.0347, "fu_distribution": "normal", "rs_mean": -0.237, "rs_cov": 0.332, "rs_distribution": "normal", "ks_mean": 1.05, "ks_cov": 0.019, "ks_distribution": "normal", "kt_mean": 0.9991, "kt_cov": 0.067, "kt_distribution": "normal"}}, {"model": "material.materialstatisticalproperties", "pk": 11, "fields": {"version": 0, "reference": "H40CRSAPI+Blade", "fy_mean": 1.35, "fy_cov": 0.0595, "fy_distribution": "normal", "fu_mean": 1.1, "fu_cov": 0.025, "fu_distribution": "normal", "rs_mean": -0.237, "rs_cov": 0.332, "rs_distribution": "normal", "ks_mean": 1.05, "ks_cov": 0.019, "ks_distribution": "normal", "kt_mean": 0.9991, "kt_cov": 0.067, "kt_distribution": "normal"}}, {"model": "material.materialstatisticalproperties", "pk": 12, "fields": {"version": 0, "reference": "C95CRSAPI+Blade", "fy_mean": 1.08, "fy_cov": 0.05, "fy_distribution": "normal", "fu_mean": 1.1106, "fu_cov": 0.0287, "fu_distribution": "normal", "rs_mean": -0.237, "rs_cov": 0.332, "rs_distribution": "normal", "ks_mean": 1.05, "ks_cov": 0.019, "ks_distribution": "normal", "kt_mean": 0.9991, "kt_cov": 0.067, "kt_distribution": "normal"}}, {"model": "material.materialstatisticalproperties", "pk": 13, "fields": {"version": 0, "reference": "C95HRSAPI+Blade", "fy_mean": 1.08, "fy_cov": 0.0394, "fy_distribution": "normal", "fu_mean": 1.1106, "fu_cov": 0.0287, "fu_distribution": "normal", "rs_mean": -0.138, "rs_cov": 0.507, "rs_distribution": "normal", "ks_mean": 1.05, "ks_cov": 0.019, "ks_distribution": "normal", "kt_mean": 0.9991, "kt_cov": 0.067, "kt_distribution": "normal"}}, {"model": "material.materialstatisticalproperties", "pk": 14, "fields": {"version": 0, "reference": "C90CRSAPI+Blade", "fy_mean": 1.08, "fy_cov": 0.0511, "fy_distribution": "normal", "fu_mean": 1.1161, "fu_cov": 0.017, "fu_distribution": "normal", "rs_mean": -0.237, "rs_cov": 0.332, "rs_distribution": "normal", "ks_mean": 1.05, "ks_cov": 0.019, "ks_distribution": "normal", "kt_mean": 0.9991, "kt_cov": 0.067, "kt_distribution": "normal"}}, {"model": "material.materialstatisticalproperties", "pk": 15, "fields": {"version": 0, "reference": "C90HRSAPI+Blade", "fy_mean": 1.08, "fy_cov": 0.0404, "fy_distribution": "normal", "fu_mean": 1.1161, "fu_cov": 0.017, "fu_distribution": "normal", "rs_mean": -0.138, "rs_cov": 0.507, "rs_distribution": "normal", "ks_mean": 1.05, "ks_cov": 0.019, "ks_distribution": "normal", "kt_mean": 0.9991, "kt_cov": 0.067, "kt_distribution": "normal"}}, {"model": "material.materialstatisticalproperties", "pk": 16, "fields": {"version": 0, "reference": "T95CRSAPI+Blade", "fy_mean": 1.08, "fy_cov": 0.05, "fy_distribution": "normal", "fu_mean": 1.1022, "fu_cov": 0.0102, "fu_distribution": "normal", "rs_mean": -0.237, "rs_cov": 0.332, "rs_distribution": "normal", "ks_mean": 1.05, "ks_cov": 0.019, "ks_distribution": "normal", "kt_mean": 0.9991, "kt_cov": 0.067, "kt_distribution": "normal"}}, {"model": "material.materialstatisticalproperties", "pk": 17, "fields": {"version": 0, "reference": "T95HRSAPI+Blade", "fy_mean": 1.08, "fy_cov": 0.0394, "fy_distribution": "normal", "fu_mean": 1.1022, "fu_cov": 0.0102, "fu_distribution": "normal", "rs_mean": -0.138, "rs_cov": 0.507, "rs_distribution": "normal", "ks_mean": 1.05, "ks_cov": 0.019, "ks_distribution": "normal", "kt_mean": 0.9991, "kt_cov": 0.067, "kt_distribution": "normal"}}, {"model": "material.materialstatisticalproperties", "pk": 23, "fields": {"version": 0, "reference": "SDSS/125KsiAPI+Blade", "fy_mean": 1.1, "fy_cov": 0.0329, "fy_distribution": "normal", "fu_mean": 1.0744, "fu_cov": 0.0089, "fu_distribution": "normal", "rs_mean": -0.138, "rs_cov": null, "rs_distribution": "normal", "ks_mean": 1.05, "ks_cov": 0.019, "ks_distribution": "normal", "kt_mean": 0.9991, "kt_cov": 0.067, "kt_distribution": "normal"}}, {"model": "material.materialstatisticalproperties", "pk": 25, "fields": {"version": 8, "reference": "__AVERAGE__", "fy_mean": 1.1, "fy_cov": 0.0422, "fy_distribution": "normal", "fu_mean": 1.09, "fu_cov": 0.0361, "fu_distribution": "normal", "rs_mean": -0.138, "rs_cov": 0.507, "rs_distribution": "normal", "ks_mean": 1.05, "ks_cov": 0.019, "ks_distribution": "normal", "kt_mean": 0.9991, "kt_cov": 0.067, "kt_distribution": "normal"}}, {"model": "material.materialstatisticalproperties", "pk": 26, "fields": {"version": 7, "reference": "HCSS/110KSI", "fy_mean": 1.05, "fy_cov": 0.0245, "fy_distribution": "normal", "fu_mean": 1.1, "fu_cov": 0.0187, "fu_distribution": "normal", "rs_mean": -0.138, "rs_cov": 0.507, "rs_distribution": "normal", "ks_mean": 1.05, "ks_cov": 0.019, "ks_distribution": "normal", "kt_mean": 0.9991, "kt_cov": 0.067, "kt_distribution": "normal"}}, {"model": "material.materialstatisticalproperties", "pk": 28, "fields": {"version": 8, "reference": "HCSS/125KSI", "fy_mean": 1.04, "fy_cov": 0.017, "fy_distribution": "normal", "fu_mean": 1.07, "fu_cov": 0.0152, "fu_distribution": "normal", "rs_mean": -0.138, "rs_cov": 0.507, "rs_distribution": "normal", "ks_mean": 1.05, "ks_cov": 0.019, "ks_distribution": "normal", "kt_mean": 0.9991, "kt_cov": 0.067, "kt_distribution": "normal"}}, {"model": "material.geometricstatisticalproperties", "pk": 1, "fields": {"version": 0, "reference": "API TR 5C3:2008", "od_mean": 1.0059, "od_cov": 0.00181, "od_distribution": "normal", "wt_mean": 1.0069, "wt_cov": 0.0259, "wt_distribution": "normal", "wtmn_mean": 0.973, "wtmn_cov": 0.0157, "wtmn_distribution": "normal", "ec_mean": 3.924, "ec_cov": 0.661, "ec_distribution": "weibull_2p", "ov_mean": 0.217, "ov_cov": 0.541, "ov_distribution": "weibull_2p"}}, {"model": "material.grade", "pk": 1, "fields": {"version": 1, "statistical_properties": 25, "thermal_derating": 1, "name": "X-60", "fymn": 60000.0, "e": 30000000.0, "fumn": 75000.0, "n": 0.121, "ka": 1.0, "an": 5.0, "kedes": 0.825, "kydes": 0.855, "nu": 0.3, "hn": 0.0}}, {"model": "material.grade", "pk": 2, "fields": {"version": 1, "statistical_properties": 25, "thermal_derating": 1, "name": "X-70", "fymn": 70000.0, "e": 30000000.0, "fumn": 82000.0, "n": 0.112, "ka": 1.0, "an": 5.0, "kedes": 0.825, "kydes": 0.855, "nu": 0.3, "hn": 0.0}}, {"model": "material.grade", "pk": 3, "fields": {"version": 0, "statistical_properties": 1, "thermal_derating": 3, "name": "P-110 HC", "fymn": 110000.0, "e": 30000000.0, "fumn": 125000.0, "n": 0.08, "ka": 1.0, "an": 5.0, "kedes": 0.9633, "kydes": 0.9822, "nu": 0.3, "hn": 0.0}}, {"model": "material.grade", "pk": 4, "fields": {"version": 1, "statistical_properties": 1, "thermal_derating": 12, "name": "C-110 HC", "fymn": 110000.0, "e": 30000000.0, "fumn": 120000.0, "n": 0.08, "ka": 1.0, "an": 5.0, "kedes": 0.825, "kydes": 0.855, "nu": 0.3, "hn": 0.0}}, {"model": "material.grade", "pk": 6, "fields": {"version": 1, "statistical_properties": 25, "thermal_derating": 1, "name": "X-80", "fymn": 80000.0, "e": 30000000.0, "fumn": 90000.0, "n": 0.104, "ka": 1.0, "an": 5.0, "kedes": 0.825, "kydes": 0.855, "nu": 0.3, "hn": 0.0}}, {"model": "material.grade", "pk": 7, "fields": {"version": 1, "statistical_properties": 13, "thermal_derating": 14, "name": "CR13/95KSI", "fymn": 95000.0, "e": 30000000.0, "fumn": 105000.0, "n": 0.092, "ka": 1.0, "an": 5.0, "kedes": 0.825, "kydes": 0.855, "nu": 0.3, "hn": 0.0}}, {"model": "material.grade", "pk": 8, "fields": {"version": 0, "statistical_properties": 1, "thermal_derating": 2, "name": "P-110", "fymn": 110000.0, "e": 30000000.0, "fumn": 125000.0, "n": 0.08, "ka": 1.0, "an": 5.0, "kedes": 0.825, "kydes": 0.855, "nu": 0.3, "hn": 0.0}}, {"model": "material.grade", "pk": 10, "fields": {"version": 2, "statistical_properties": 4, "thermal_derating": 15, "name": "Q-125", "fymn": 125000.0, "e": 30000000.0, "fumn": 135000.0, "n": 0.068, "ka": 1.0, "an": 5.0, "kedes": 0.825, "kydes": 0.85, "nu": 0.3, "hn": 0.0}}, {"model": "material.grade", "pk": 12, "fields": {"version": 1, "statistical_properties": 25, "thermal_derating": 1, "name": "B", "fymn": 35000.0, "e": 30000000.0, "fumn": 60000.0, "n": 0.141, "ka": 1.0, "an": 5.0, "kedes": 0.825, "kydes": 0.85, "nu": 0.3, "hn": 0.0}}, {"model": "material.grade", "pk": 13, "fields": {"version": 0, "statistical_properties": 11, "thermal_derating": 1, "name": "H-40", "fymn": 40000.0, "e": 30000000.0, "fumn": 60000.0, "n": 0.137, "ka": 1.0, "an": 5.0, "kedes": 0.83, "kydes": 0.91, "nu": 0.3, "hn": 0.0}}, {"model": "material.grade", "pk": 14, "fields": {"version": 0, "statistical_properties": 9, "thermal_derating": 1, "name": "J-55", "fymn": 55000.0, "e": 30000000.0, "fumn": 75000.0, "n": 0.125, "ka": 1.0, "an": 5.0, "kedes": 0.83, "kydes": 0.89, "nu": 0.3, "hn": 0.0}}, {"model": "material.grade", "pk": 15, "fields": {"version": 0, "statistical_properties": 10, "thermal_derating": 1, "name": "K-55", "fymn": 55000.0, "e": 30000000.0, "fumn": 95000.0, "n": 0.125, "ka": 1.0, "an": 5.0, "kedes": 0.83, "kydes": 0.89, "nu": 0.3, "hn": 0.0}}, {"model": "material.grade", "pk": 16, "fields": {"version": 1, "statistical_properties": 25, "thermal_derating": 1, "name": "M-65", "fymn": 65000.0, "e": 30000000.0, "fumn": 85000.0, "n": 0.117, "ka": 1.0, "an": 5.0, "kedes": 0.825, "kydes": 0.88, "nu": 0.3, "hn": 0.0}}, {"model": "material.grade", "pk": 17, "fields": {"version": 0, "statistical_properties": 6, "thermal_derating": 1, "name": "N-80", "fymn": 80000.0, "e": 30000000.0, "fumn": 100000.0, "n": 0.104, "ka": 1.0, "an": 5.0, "kedes": 0.825, "kydes": 0.87, "nu": 0.3, "hn": 0.0}}, {"model": "material.grade", "pk": 20, "fields": {"version": 1, "statistical_properties": 15, "thermal_derating": 1, "name": "C-90", "fymn": 90000.0, "e": 30000000.0, "fumn": 100000.0, "n": 0.096, "ka": 1.0, "an": 5.0, "kedes": 0.825, "kydes": 0.85, "nu": 0.3, "hn": 0.0}}, {"model": "material.grade", "pk": 21, "fields": {"version": 1, "statistical_properties": 13, "thermal_derating": 14, "name": "C-95", "fymn": 95000.0, "e": 30000000.0, "fumn": 110000.0, "n": 0.092, "ka": 1.0, "an": 5.0, "kedes": 0.825, "kydes": 0.855, "nu": 0.3, "hn": 0.0}}, {"model": "material.grade", "pk": 22, "fields": {"version": 1, "statistical_properties": 17, "thermal_derating": 12, "name": "T-95", "fymn": 95000.0, "e": 30000000.0, "fumn": 105000.0, "n": 0.092, "ka": 1.0, "an": 5.0, "kedes": 0.825, "kydes": 0.855, "nu": 0.3, "hn": 0.0}}, {"model": "material.grade", "pk": 25, "fields": {"version": 0, "statistical_properties": 8, "thermal_derating": 1, "name": "L-80", "fymn": 80000.0, "e": 30000000.0, "fumn": 95000.0, "n": 0.104, "ka": 1.0, "an": 5.0, "kedes": 0.825, "kydes": 0.855, "nu": 0.3, "hn": 0.0}}, {"model": "material.grade", "pk": 26, "fields": {"version": 0, "statistical_properties": 1, "thermal_derating": 6, "name": "SMSS/110KSI", "fymn": 110000.0, "e": 30000000.0, "fumn": 125000.0, "n": 0.08, "ka": 1.0, "an": 5.0, "kedes": 0.825, "kydes": 0.855, "nu": 0.3, "hn": 0.0}}, {"model": "material.grade", "pk": 27, "fields": {"version": 0, "statistical_properties": 10, "thermal_derating": 1, "name": "X-56", "fymn": 56000.0, "e": 30000000.0, "fumn": 71000.0, "n": 0.124, "ka": 1.0, "an": 5.0, "kedes": 0.825, "kydes": 0.855, "nu": 0.3, "hn": 0.0}}, {"model": "material.grade", "pk": 28, "fields": {"version": 1, "statistical_properties": 4, "thermal_derating": 12, "name": "C-125 HC", "fymn": 125000.0, "e": 30000000.0, "fumn": 135000.0, "n": 0.068, "ka": 1.0, "an": 5.0, "kedes": 0.825, "kydes": 0.855, "nu": 0.3, "hn": 0.0}}, {"model": "material.grade", "pk": 31, "fields": {"version": 1, "statistical_properties": 4, "thermal_derating": 12, "name": "Q-125 HC", "fymn": 125000.0, "e": 30000000.0, "fumn": 135000.0, "n": 0.068, "ka": 1.0, "an": 5.0, "kedes": 0.825, "kydes": 0.85, "nu": 0.3, "hn": 0.0}}, {"model": "material.grade", "pk": 34, "fields": {"version": 0, "statistical_properties": 1, "thermal_derating": 8, "name": "HCSS/110KSI", "fymn": 110000.0, "e": 30000000.0, "fumn": 125000.0, "n": 0.08, "ka": 1.0, "an": 5.0, "kedes": 0.825, "kydes": 0.855, "nu": 0.3, "hn": 0.0}}, {"model": "material.grade", "pk": 36, "fields": {"version": 0, "statistical_properties": 8, "thermal_derating": 4, "name": "CR13/80KSI", "fymn": 80000.0, "e": 30000000.0, "fumn": 95000.0, "n": 0.104, "ka": 1.0, "an": 5.0, "kedes": 0.825, "kydes": 0.83, "nu": 0.3, "hn": 0.0}}, {"model": "material.grade", "pk": 38, "fields": {"version": 1, "statistical_properties": 4, "thermal_derating": 12, "name": "C-125 HC TB", "fymn": 109285.0, "e": 30000000.0, "fumn": 118498.0, "n": 0.068, "ka": 1.0, "an": 5.0, "kedes": 0.825, "kydes": 0.855, "nu": 0.3, "hn": 0.0}}, {"model": "material.grade", "pk": 39, "fields": {"version": 1, "statistical_properties": 1, "thermal_derating": 12, "name": "CR13/110KSI", "fymn": 110000.0, "e": 30000000.0, "fumn": 115000.0, "n": 0.08, "ka": 1.0, "an": 5.0, "kedes": 0.825, "kydes": 0.855, "nu": 0.3, "hn": 0.0}}, {"model": "material.grade", "pk": 42, "fields": {"version": 0, "statistical_properties": 23, "thermal_derating": 11, "name": "SDSS/125KSI", "fymn": 125000.0, "e": 30000000.0, "fumn": 130000.0, "n": 0.068, "ka": 1.0, "an": 5.0, "kedes": 0.825, "kydes": 0.85, "nu": 0.3, "hn": 0.0}}, {"model": "material.grade", "pk": 44, "fields": {"version": 1, "statistical_properties": 28, "thermal_derating": 9, "name": "HCSS/125KSI", "fymn": 125000.0, "e": 30000000.0, "fumn": 135000.0, "n": 0.068, "ka": 1.0, "an": 5.0, "kedes": 0.825, "kydes": 0.85, "nu": 0.3, "hn": 0.0}}, {"model": "material.grade", "pk": 45, "fields": {"version": 1, "statistical_properties": 25, "thermal_derating": 5, "name": "SMSS/95KSI", "fymn": 95000.0, "e": 30000000.0, "fumn": 105000.0, "n": 0.092, "ka": 1.0, "an": 5.0, "kedes": 0.825, "kydes": 0.855, "nu": 0.3, "hn": 0.0}}, {"model": "material.grade", "pk": 46, "fields": {"version": 0, "statistical_properties": 1, "thermal_derating": 7, "name": "SS/110KSI", "fymn": 110000.0, "e": 30000000.0, "fumn": 125000.0, "n": 0.8, "ka": 1.0, "an": 5.0, "kedes": 0.825, "kydes": 0.855, "nu": 0.3, "hn": 0.0}}, {"model": "material.grade", "pk": 47, "fields": {"version": 1, "statistical_properties": 28, "thermal_derating": 10, "name": "HC/125KSI", "fymn": 125000.0, "e": 30000000.0, "fumn": 135000.0, "n": 0.068, "ka": 1.0, "an": 5.0, "kedes": 0.825, "kydes": 0.85, "nu": 0.3, "hn": 0.0}}, {"model": "material.grade", "pk": 48, "fields": {"version": 4, "statistical_properties": 25, "thermal_derating": 13, "name": "SS/125KSI", "fymn": 125000.0, "e": 30000000.0, "fumn": 130000.0, "n": 0.068, "ka": 1.0, "an": 5.0, "kedes": 0.825, "kydes": 0.85, "nu": 0.28, "hn": 0.0}}, {"model": "material.grade", "pk": 49, "fields": {"version": 14, "statistical_properties": 25, "thermal_derating": 11, "name": "HC/110KSI", "fymn": 110000.0, "e": 30000000.0, "fumn": 125000.0, "n": 0.068, "ka": 1.0, "an": 5.0, "kedes": 0.825, "kydes": 0.85, "nu": 0.28, "hn": 0.0}}, {"model": "material.pipe", "pk": 3, "fields": {"version": 0, "od": 18.0, "weight": 117.0, "grade": 8, "statistical_properties": 1, "wt": 0.625, "hc": null, "kwall_burst": 0.875, "kwall_triaxial": 1.0}}, {"model": "material.pipe", "pk": 4, "fields": {"version": 0, "od": 13.625, "weight": 88.2, "grade": 4, "statistical_properties": 1, "wt": 0.625, "hc": 6370.0, "kwall_burst": 0.875, "kwall_triaxial": 1.0}}, {"model": "material.pipe", "pk": 5, "fields": {"version": 0, "od": 10.75, "weight": 109.0, "grade": 42, "statistical_properties": 1, "wt": 1.033, "hc": null, "kwall_burst": 0.875, "kwall_triaxial": 1.0}}, {"model": "material.pipe", "pk": 6, "fields": {"version": 0, "od": 9.625, "weight": 53.5, "grade": 42, "statistical_properties": 1, "wt": 0.545, "hc": 10000.0, "kwall_burst": 0.875, "kwall_triaxial": 1.0}}, {"model": "material.pipe", "pk": 9, "fields": {"version": 1, "od": 18.0, "weight": 162.0, "grade": 6, "statistical_properties": 1, "wt": 0.875, "hc": null, "kwall_burst": 0.875, "kwall_triaxial": 1.0}}, {"model": "material.pipe", "pk": 10, "fields": {"version": 1, "od": 13.375, "weight": 72.0, "grade": 8, "statistical_properties": 1, "wt": 0.514, "hc": null, "kwall_burst": 0.875, "kwall_triaxial": 1.0}}, {"model": "material.pipe", "pk": 11, "fields": {"version": 0, "od": 9.625, "weight": 53.5, "grade": 7, "statistical_properties": 1, "wt": 0.545, "hc": null, "kwall_burst": 0.875, "kwall_triaxial": 1.0}}, {"model": "material.pipe", "pk": 12, "fields": {"version": 0, "od": 10.75, "weight": 65.7, "grade": 4, "statistical_properties": 1, "wt": 0.595, "hc": 9540.0, "kwall_burst": 0.875, "kwall_triaxial": 1.0}}, {"model": "material.pipe", "pk": 17, "fields": {"version": 0, "od": 10.75, "weight": 85.3, "grade": 4, "statistical_properties": 1, "wt": 0.797, "hc": 14840.0, "kwall_burst": 0.875, "kwall_triaxial": 1.0}}, {"model": "material.pipe", "pk": 18, "fields": {"version": 0, "od": 14.0, "weight": 114.0, "grade": 28, "statistical_properties": 1, "wt": 0.8, "hc": 11350.0, "kwall_burst": 0.875, "kwall_triaxial": 1.0}}, {"model": "material.pipe", "pk": 19, "fields": {"version": 0, "od": 7.625, "weight": 55.3, "grade": 42, "statistical_properties": 1, "wt": 0.75, "hc": null, "kwall_burst": 0.875, "kwall_triaxial": 1.0}}, {"model": "material.pipe", "pk": 26, "fields": {"version": 0, "od": 30.0, "weight": 457.0, "grade": 12, "statistical_properties": 1, "wt": 1.5, "hc": null, "kwall_burst": 0.875, "kwall_triaxial": 1.0}}, {"model": "material.pipe", "pk": 27, "fields": {"version": 0, "od": 30.0, "weight": 457.0, "grade": 1, "statistical_properties": null, "wt": 1.5, "hc": null, "kwall_burst": 0.875, "kwall_triaxial": 1.0}}, {"model": "material.pipe", "pk": 28, "fields": {"version": 0, "od": 30.0, "weight": 457.0, "grade": 27, "statistical_properties": null, "wt": 1.5, "hc": null, "kwall_burst": 0.875, "kwall_triaxial": 1.0}}, {"model": "material.pipe", "pk": 29, "fields": {"version": 0, "od": 22.0, "weight": 142.81, "grade": 6, "statistical_properties": null, "wt": 0.625, "hc": null, "kwall_burst": 0.875, "kwall_triaxial": 1.0}}, {"model": "material.pipe", "pk": 30, "fields": {"version": 0, "od": 22.0, "weight": 184.0, "grade": 6, "statistical_properties": null, "wt": 0.812, "hc": null, "kwall_burst": 0.875, "kwall_triaxial": 1.0}}, {"model": "material.pipe", "pk": 31, "fields": {"version": 0, "od": 22.0, "weight": 225.0, "grade": 2, "statistical_properties": null, "wt": 1.094, "hc": null, "kwall_burst": 0.875, "kwall_triaxial": 1.0}}, {"model": "material.pipe", "pk": 32, "fields": {"version": 0, "od": 22.0, "weight": 251.0, "grade": 2, "statistical_properties": null, "wt": 1.125, "hc": null, "kwall_burst": 0.875, "kwall_triaxial": 1.0}}, {"model": "material.pipe", "pk": 33, "fields": {"version": 0, "od": 20.0, "weight": 133.0, "grade": 27, "statistical_properties": 1, "wt": 0.625, "hc": null, "kwall_burst": 0.875, "kwall_triaxial": 1.0}}, {"model": "material.pipe", "pk": 34, "fields": {"version": 0, "od": 20.0, "weight": 154.0, "grade": 6, "statistical_properties": 1, "wt": 0.75, "hc": null, "kwall_burst": 0.875, "kwall_triaxial": 1.0}}, {"model": "material.pipe", "pk": 35, "fields": {"version": 1, "od": 20.0, "weight": 203.0, "grade": 2, "statistical_properties": 1, "wt": 1.0, "hc": null, "kwall_burst": 0.875, "kwall_triaxial": 1.0}}, {"model": "material.pipe", "pk": 36, "fields": {"version": 1, "od": 16.0, "weight": 84.0, "grade": 17, "statistical_properties": 1, "wt": 0.495, "hc": null, "kwall_burst": 0.875, "kwall_triaxial": 1.0}}, {"model": "material.pipe", "pk": 37, "fields": {"version": 1, "od": 13.625, "weight": 88.2, "grade": 10, "statistical_properties": 1, "wt": 0.625, "hc": null, "kwall_burst": 0.875, "kwall_triaxial": 1.0}}, {"model": "material.pipe", "pk": 38, "fields": {"version": 1, "od": 10.75, "weight": 65.7, "grade": 42, "statistical_properties": 1, "wt": 0.595, "hc": null, "kwall_burst": 0.875, "kwall_triaxial": 1.0}}, {"model": "material.pipe", "pk": 39, "fields": {"version": 0, "od": 11.875, "weight": 71.8, "grade": 28, "statistical_properties": 1, "wt": 0.582, "hc": 7340.0, "kwall_burst": 0.875, "kwall_triaxial": 1.0}}, {"model": "material.pipe", "pk": 40, "fields": {"version": 1, "od": 10.75, "weight": 65.7, "grade": 7, "statistical_properties": 1, "wt": 0.595, "hc": null, "kwall_burst": 0.875, "kwall_triaxial": 1.0}}, {"model": "material.pipe", "pk": 41, "fields": {"version": 1, "od": 10.75, "weight": 73.2, "grade": 4, "statistical_properties": 1, "wt": 0.678, "hc": 11560.0, "kwall_burst": 0.875, "kwall_triaxial": 1.0}}, {"model": "material.pipe", "pk": 43, "fields": {"version": 0, "od": 9.875, "weight": 66.9, "grade": 26, "statistical_properties": 1, "wt": 0.668, "hc": null, "kwall_burst": 0.875, "kwall_triaxial": 1.0}}, {"model": "material.pipe", "pk": 44, "fields": {"version": 0, "od": 9.875, "weight": 66.9, "grade": 28, "statistical_properties": 1, "wt": 0.668, "hc": 13340.0, "kwall_burst": 0.875, "kwall_triaxial": 1.0}}, {"model": "material.pipe", "pk": 45, "fields": {"version": 0, "od": 9.625, "weight": 53.5, "grade": 26, "statistical_properties": 1, "wt": 0.545, "hc": null, "kwall_burst": 0.875, "kwall_triaxial": 1.0}}, {"model": "material.pipe", "pk": 46, "fields": {"version": 0, "od": 9.625, "weight": 47.0, "grade": 17, "statistical_properties": 1, "wt": 0.472, "hc": null, "kwall_burst": 0.875, "kwall_triaxial": 1.0}}, {"model": "material.pipe", "pk": 47, "fields": {"version": 0, "od": 7.625, "weight": 51.2, "grade": 26, "statistical_properties": 1, "wt": 0.687, "hc": null, "kwall_burst": 0.875, "kwall_triaxial": 1.0}}, {"model": "material.pipe", "pk": 48, "fields": {"version": 0, "od": 7.625, "weight": 51.2, "grade": 4, "statistical_properties": 1, "wt": 0.687, "hc": 19340.0, "kwall_burst": 0.875, "kwall_triaxial": 1.0}}, {"model": "material.pipe", "pk": 49, "fields": {"version": 0, "od": 7.0, "weight": 32.0, "grade": 31, "statistical_properties": 1, "wt": 0.453, "hc": 13900.0, "kwall_burst": 0.875, "kwall_triaxial": 1.0}}, {"model": "material.pipe", "pk": 50, "fields": {"version": 0, "od": 7.0, "weight": 32.0, "grade": 26, "statistical_properties": 1, "wt": 0.453, "hc": null, "kwall_burst": 0.875, "kwall_triaxial": 1.0}}, {"model": "material.pipe", "pk": 52, "fields": {"version": 0, "od": 5.0, "weight": 18.0, "grade": 8, "statistical_properties": 1, "wt": 0.362, "hc": null, "kwall_burst": 0.875, "kwall_triaxial": 1.0}}, {"model": "material.pipe", "pk": 55, "fields": {"version": 0, "od": 16.0, "weight": 96.0, "grade": 3, "statistical_properties": 1, "wt": 0.575, "hc": 2950.0, "kwall_burst": 0.875, "kwall_triaxial": 1.0}}, {"model": "material.pipe", "pk": 56, "fields": {"version": 0, "od": 10.75, "weight": 85.3, "grade": 26, "statistical_properties": 1, "wt": 0.797, "hc": null, "kwall_burst": 0.875, "kwall_triaxial": 1.0}}, {"model": "material.pipe", "pk": 57, "fields": {"version": 0, "od": 42.0, "weight": 438.0, "grade": 12, "statistical_properties": null, "wt": 1.0, "hc": null, "kwall_burst": 0.875, "kwall_triaxial": 1.0}}, {"model": "material.pipe", "pk": 58, "fields": {"version": 0, "od": 36.0, "weight": 554.0, "grade": 12, "statistical_properties": null, "wt": 1.5, "hc": null, "kwall_burst": 0.875, "kwall_triaxial": 1.0}}, {"model": "material.pipe", "pk": 59, "fields": {"version": 0, "od": 36.0, "weight": 554.0, "grade": 27, "statistical_properties": null, "wt": 1.5, "hc": null, "kwall_burst": 0.875, "kwall_triaxial": 1.0}}, {"model": "material.pipe", "pk": 60, "fields": {"version": 0, "od": 36.0, "weight": 554.0, "grade": 1, "statistical_properties": null, "wt": 1.5, "hc": null, "kwall_burst": 0.875, "kwall_triaxial": 1.0}}, {"model": "material.pipe", "pk": 61, "fields": {"version": 0, "od": 36.0, "weight": 554.0, "grade": 6, "statistical_properties": null, "wt": 1.5, "hc": null, "kwall_burst": 0.875, "kwall_triaxial": 1.0}}, {"model": "material.pipe", "pk": 62, "fields": {"version": 0, "od": 36.0, "weight": 738.0, "grade": 6, "statistical_properties": null, "wt": 2.0, "hc": null, "kwall_burst": 0.875, "kwall_triaxial": 1.0}}, {"model": "material.pipe", "pk": 63, "fields": {"version": 0, "od": 30.0, "weight": 310.0, "grade": 12, "statistical_properties": null, "wt": 1.0, "hc": null, "kwall_burst": 0.875, "kwall_triaxial": 1.0}}, {"model": "material.pipe", "pk": 64, "fields": {"version": 0, "od": 30.0, "weight": 310.0, "grade": 27, "statistical_properties": 1, "wt": 1.0, "hc": null, "kwall_burst": 0.875, "kwall_triaxial": 1.0}}, {"model": "material.pipe", "pk": 65, "fields": {"version": 0, "od": 14.0, "weight": 115.0, "grade": 28, "statistical_properties": 1, "wt": 0.812, "hc": 11310.0, "kwall_burst": 0.875, "kwall_triaxial": 1.0}}, {"model": "material.pipe", "pk": 67, "fields": {"version": 0, "od": 9.625, "weight": 53.5, "grade": 34, "statistical_properties": 1, "wt": 0.545, "hc": null, "kwall_burst": 0.875, "kwall_triaxial": 1.0}}, {"model": "material.pipe", "pk": 70, "fields": {"version": 0, "od": 10.75, "weight": 65.7, "grade": 36, "statistical_properties": 1, "wt": 0.595, "hc": null, "kwall_burst": 0.875, "kwall_triaxial": 1.0}}, {"model": "material.pipe", "pk": 71, "fields": {"version": 0, "od": 9.625, "weight": 53.5, "grade": 36, "statistical_properties": 1, "wt": 0.545, "hc": null, "kwall_burst": 0.875, "kwall_triaxial": 1.0}}, {"model": "material.pipe", "pk": 72, "fields": {"version": 0, "od": 9.625, "weight": 53.5, "grade": 4, "statistical_properties": 1, "wt": 0.545, "hc": 9900.0, "kwall_burst": 0.875, "kwall_triaxial": 1.0}}, {"model": "material.pipe", "pk": 74, "fields": {"version": 0, "od": 9.625, "weight": 47.0, "grade": 25, "statistical_properties": 1, "wt": 0.472, "hc": null, "kwall_burst": 0.875, "kwall_triaxial": 1.0}}, {"model": "material.pipe", "pk": 84, "fields": {"version": 0, "od": 10.75, "weight": 65.7, "grade": 39, "statistical_properties": 1, "wt": 0.595, "hc": null, "kwall_burst": 0.875, "kwall_triaxial": 1.0}}, {"model": "material.pipe", "pk": 86, "fields": {"version": 0, "od": 7.0, "weight": 32.0, "grade": 42, "statistical_properties": 1, "wt": 0.453, "hc": null, "kwall_burst": 0.875, "kwall_triaxial": 1.0}}, {"model": "material.pipe", "pk": 89, "fields": {"version": 0, "od": 9.875, "weight": 66.9, "grade": 42, "statistical_properties": 1, "wt": 0.668, "hc": null, "kwall_burst": 0.875, "kwall_triaxial": 1.0}}, {"model": "material.pipe", "pk": 92, "fields": {"version": 0, "od": 22.0, "weight": 253.2, "grade": 2, "statistical_properties": null, "wt": 1.125, "hc": null, "kwall_burst": 0.875, "kwall_triaxial": 1.0}}, {"model": "material.pipe", "pk": 93, "fields": {"version": 0, "od": 22.0, "weight": 187.9, "grade": 6, "statistical_properties": null, "wt": 0.812, "hc": null, "kwall_burst": 0.875, "kwall_triaxial": 1.0}}, {"model": "material.pipe", "pk": 94, "fields": {"version": 1, "od": 20.0, "weight": 205.7, "grade": 2, "statistical_properties": 1, "wt": 1.0, "hc": null, "kwall_burst": 0.875, "kwall_triaxial": 1.0}}, {"model": "material.pipe", "pk": 95, "fields": {"version": 1, "od": 20.0, "weight": 158.1, "grade": 6, "statistical_properties": 1, "wt": 0.75, "hc": null, "kwall_burst": 0.875, "kwall_triaxial": 1.0}}, {"model": "material.pipe", "pk": 96, "fields": {"version": 1, "od": 20.0, "weight": 132.5, "grade": 27, "statistical_properties": 1, "wt": 0.625, "hc": null, "kwall_burst": 0.875, "kwall_triaxial": 1.0}}, {"model": "material.pipe", "pk": 97, "fields": {"version": 0, "od": 13.625, "weight": 88.2, "grade": 34, "statistical_properties": 1, "wt": 0.625, "hc": 6370.0, "kwall_burst": 0.875, "kwall_triaxial": 1.0}}, {"model": "material.pipe", "pk": 98, "fields": {"version": 1, "od": 11.875, "weight": 71.8, "grade": 44, "statistical_properties": 1, "wt": 0.582, "hc": 7810.0, "kwall_burst": 0.875, "kwall_triaxial": 1.0}}, {"model": "material.pipe", "pk": 99, "fields": {"version": 1, "od": 10.75, "weight": 65.7, "grade": 45, "statistical_properties": 1, "wt": 0.595, "hc": null, "kwall_burst": 0.875, "kwall_triaxial": 1.0}}, {"model": "material.pipe", "pk": 100, "fields": {"version": 1, "od": 10.75, "weight": 65.7, "grade": 26, "statistical_properties": 1, "wt": 0.595, "hc": null, "kwall_burst": 0.875, "kwall_triaxial": 1.0}}, {"model": "material.pipe", "pk": 101, "fields": {"version": 0, "od": 10.75, "weight": 65.7, "grade": 34, "statistical_properties": 1, "wt": 0.595, "hc": 9540.0, "kwall_burst": 0.875, "kwall_triaxial": 1.0}}, {"model": "material.pipe", "pk": 102, "fields": {"version": 0, "od": 10.75, "weight": 73.2, "grade": 34, "statistical_properties": 1, "wt": 0.672, "hc": 11560.0, "kwall_burst": 0.875, "kwall_triaxial": 1.0}}, {"model": "material.pipe", "pk": 103, "fields": {"version": 0, "od": 10.75, "weight": 109.0, "grade": 26, "statistical_properties": 1, "wt": 1.033, "hc": null, "kwall_burst": 0.875, "kwall_triaxial": 1.0}}, {"model": "material.pipe", "pk": 104, "fields": {"version": 0, "od": 9.875, "weight": 66.9, "grade": 44, "statistical_properties": 1, "wt": 0.668, "hc": 13340.0, "kwall_burst": 0.875, "kwall_triaxial": 1.0}}, {"model": "material.pipe", "pk": 105, "fields": {"version": 0, "od": 9.875, "weight": 66.9, "grade": 46, "statistical_properties": 1, "wt": 0.668, "hc": null, "kwall_burst": 0.875, "kwall_triaxial": 1.0}}, {"model": "material.pipe", "pk": 106, "fields": {"version": 0, "od": 9.875, "weight": 66.9, "grade": 45, "statistical_properties": 1, "wt": 0.668, "hc": null, "kwall_burst": 0.875, "kwall_triaxial": 1.0}}, {"model": "material.pipe", "pk": 107, "fields": {"version": 0, "od": 7.625, "weight": 55.3, "grade": 34, "statistical_properties": 1, "wt": 0.75, "hc": 21640.0, "kwall_burst": 0.875, "kwall_triaxial": 1.0}}, {"model": "material.pipe", "pk": 108, "fields": {"version": 0, "od": 7.625, "weight": 55.3, "grade": 26, "statistical_properties": 1, "wt": 0.75, "hc": null, "kwall_burst": 0.875, "kwall_triaxial": 1.0}}, {"model": "material.pipe", "pk": 109, "fields": {"version": 0, "od": 7.0, "weight": 32.0, "grade": 45, "statistical_properties": 1, "wt": 0.453, "hc": null, "kwall_burst": 0.875, "kwall_triaxial": 1.0}}, {"model": "material.pipe", "pk": 110, "fields": {"version": 0, "od": 14.0, "weight": 115.0, "grade": 44, "statistical_properties": 1, "wt": 0.812, "hc": 11310.0, "kwall_burst": 0.875, "kwall_triaxial": 1.0}}, {"model": "material.pipe", "pk": 111, "fields": {"version": 0, "od": 10.75, "weight": 85.3, "grade": 34, "statistical_properties": 1, "wt": 0.797, "hc": 14840.0, "kwall_burst": 0.875, "kwall_triaxial": 1.0}}, {"model": "material.pipe", "pk": 112, "fields": {"version": 0, "od": 9.625, "weight": 53.5, "grade": 46, "statistical_properties": 1, "wt": 0.545, "hc": null, "kwall_burst": 0.875, "kwall_triaxial": 1.0}}, {"model": "material.pipe", "pk": 113, "fields": {"version": 0, "od": 9.875, "weight": 66.9, "grade": 48, "statistical_properties": 1, "wt": 0.668, "hc": null, "kwall_burst": 0.875, "kwall_triaxial": 1.0}}, {"model": "material.pipe", "pk": 114, "fields": {"version": 0, "od": 7.0, "weight": 32.0, "grade": 39, "statistical_properties": 1, "wt": 0.453, "hc": null, "kwall_burst": 0.875, "kwall_triaxial": 1.0}}, {"model": "material.connection", "pk": 1, "fields": {"version": 0, "pipe": 5, "name": "VAM MUST", "tension_ratio": 56.0, "compression_ratio": 45.0, "internal_pressure_ratio": 100.0, "external_pressure_ratio": 100.0, "kwall": 1.0}}, {"model": "material.connection", "pk": 2, "fields": {"version": 0, "pipe": 52, "name": "VAM FPO", "tension_ratio": 60.0, "compression_ratio": 60.0, "internal_pressure_ratio": 100.0, "external_pressure_ratio": 100.0, "kwall": 1.0}}, {"model": "material.connection", "pk": 4, "fields": {"version": 0, "pipe": 3, "name": "VAM TOP HC", "tension_ratio": 100.0, "compression_ratio": 100.0, "internal_pressure_ratio": 100.0, "external_pressure_ratio": 100.0, "kwall": 1.0}}, {"model": "material.connection", "pk": 7, "fields": {"version": 0, "pipe": 49, "name": "VAM 21", "tension_ratio": 100.0, "compression_ratio": 100.0, "internal_pressure_ratio": 100.0, "external_pressure_ratio": 100.0, "kwall": 1.0}}, {"model": "material.connection", "pk": 10, "fields": {"version": 0, "pipe": 48, "name": "VAM FPO", "tension_ratio": 60.0, "compression_ratio": 60.0, "internal_pressure_ratio": 100.0, "external_pressure_ratio": 100.0, "kwall": 1.0}}, {"model": "material.connection", "pk": 11, "fields": {"version": 0, "pipe": 3, "name": "VAM 21", "tension_ratio": 100.0, "compression_ratio": 100.0, "internal_pressure_ratio": 100.0, "external_pressure_ratio": 100.0, "kwall": 1.0}}, {"model": "material.connection", "pk": 12, "fields": {"version": 0, "pipe": 74, "name": "TENARIS Blue", "tension_ratio": 100.0, "compression_ratio": 100.0, "internal_pressure_ratio": 100.0, "external_pressure_ratio": 100.0, "kwall": 1.0}}, {"model": "material.connection", "pk": 13, "fields": {"version": 0, "pipe": 3, "name": "VAM 21", "tension_ratio": 100.0, "compression_ratio": 100.0, "internal_pressure_ratio": 100.0, "external_pressure_ratio": 100.0, "kwall": 1.0}}, {"model": "material.connection", "pk": 14, "fields": {"version": 0, "pipe": 3, "name": "VAM FPO", "tension_ratio": 61.0, "compression_ratio": 61.0, "internal_pressure_ratio": 100.0, "external_pressure_ratio": 100.0, "kwall": 1.0}}, {"model": "material.connection", "pk": 15, "fields": {"version": 0, "pipe": 12, "name": "VAM 21", "tension_ratio": 100.0, "compression_ratio": 100.0, "internal_pressure_ratio": 100.0, "external_pressure_ratio": 100.0, "kwall": 1.0}}, {"model": "material.connection", "pk": 16, "fields": {"version": 0, "pipe": 12, "name": "VAM FPO", "tension_ratio": 60.0, "compression_ratio": 60.0, "internal_pressure_ratio": 100.0, "external_pressure_ratio": 100.0, "kwall": 1.0}}, {"model": "material.connection", "pk": 17, "fields": {"version": 0, "pipe": 17, "name": "VAM FPO", "tension_ratio": 61.0, "compression_ratio": 61.0, "internal_pressure_ratio": 100.0, "external_pressure_ratio": 100.0, "kwall": 1.0}}, {"model": "material.connection", "pk": 18, "fields": {"version": 0, "pipe": 111, "name": "VAM 21 HW-NA SC70", "tension_ratio": 70.0, "compression_ratio": 90.0, "internal_pressure_ratio": 100.0, "external_pressure_ratio": 100.0, "kwall": 1.0}}, {"model": "material.connection", "pk": 19, "fields": {"version": 0, "pipe": 39, "name": "VAM BOLT", "tension_ratio": 62.0, "compression_ratio": 62.0, "internal_pressure_ratio": 100.0, "external_pressure_ratio": 100.0, "kwall": 1.0}}, {"model": "material.connection", "pk": 20, "fields": {"version": 0, "pipe": 10, "name": "VAM TOP KX", "tension_ratio": 100.0, "compression_ratio": 60.0, "internal_pressure_ratio": 100.0, "external_pressure_ratio": 100.0, "kwall": 1.0}}, {"model": "material.connection", "pk": 21, "fields": {"version": 2, "pipe": 4, "name": "VAM 21 NB SC80", "tension_ratio": 80.0, "compression_ratio": 100.0, "internal_pressure_ratio": 100.0, "external_pressure_ratio": 100.0, "kwall": 1.0}}, {"model": "material.connection", "pk": 22, "fields": {"version": 0, "pipe": 65, "name": "VAM BOLT", "tension_ratio": 65.0, "compression_ratio": 65.0, "internal_pressure_ratio": 100.0, "external_pressure_ratio": 100.0, "kwall": 1.0}}, {"model": "material.connection", "pk": 23, "fields": {"version": 0, "pipe": 55, "name": "WEDGE 511", "tension_ratio": 62.5, "compression_ratio": 72.5, "internal_pressure_ratio": 96.0, "external_pressure_ratio": 100.0, "kwall": 1.0}}, {"model": "material.connection", "pk": 24, "fields": {"version": 0, "pipe": 36, "name": "TENARIS HYDRIL ER", "tension_ratio": 100.0, "compression_ratio": 100.0, "internal_pressure_ratio": 100.0, "external_pressure_ratio": 100.0, "kwall": 1.0}}, {"model": "material.connection", "pk": 25, "fields": {"version": 0, "pipe": 3, "name": "WEDGE 511", "tension_ratio": 62.1, "compression_ratio": 73.6, "internal_pressure_ratio": 100.0, "external_pressure_ratio": 100.0, "kwall": 1.0}}, {"model": "material.connection", "pk": 26, "fields": {"version": 0, "pipe": 9, "name": "WEDGE 511", "tension_ratio": 65.6, "compression_ratio": 73.8, "internal_pressure_ratio": 100.0, "external_pressure_ratio": 100.0, "kwall": 1.0}}, {"model": "material.connection", "pk": 27, "fields": {"version": 0, "pipe": 33, "name": "XLW", "tension_ratio": 100.0, "compression_ratio": 100.0, "internal_pressure_ratio": 100.0, "external_pressure_ratio": 100.0, "kwall": 1.0}}, {"model": "material.connection", "pk": 28, "fields": {"version": 0, "pipe": 35, "name": "XLW", "tension_ratio": 100.0, "compression_ratio": 100.0, "internal_pressure_ratio": 100.0, "external_pressure_ratio": 100.0, "kwall": 1.0}}, {"model": "material.connection", "pk": 29, "fields": {"version": 0, "pipe": 30, "name": "XLW", "tension_ratio": 100.0, "compression_ratio": 100.0, "internal_pressure_ratio": 100.0, "external_pressure_ratio": 100.0, "kwall": 1.0}}, {"model": "material.connection", "pk": 30, "fields": {"version": 0, "pipe": 32, "name": "XLW", "tension_ratio": 100.0, "compression_ratio": 100.0, "internal_pressure_ratio": 100.0, "external_pressure_ratio": 100.0, "kwall": 1.0}}, {"model": "material.connection", "pk": 31, "fields": {"version": 0, "pipe": 3, "name": "VAM 21", "tension_ratio": 100.0, "compression_ratio": 100.0, "internal_pressure_ratio": 100.0, "external_pressure_ratio": 100.0, "kwall": 1.0}}, {"model": "material.connection", "pk": 32, "fields": {"version": 0, "pipe": 43, "name": "VAM 21", "tension_ratio": 100.0, "compression_ratio": 100.0, "internal_pressure_ratio": 100.0, "external_pressure_ratio": 100.0, "kwall": 1.0}}, {"model": "material.connection", "pk": 34, "fields": {"version": 0, "pipe": 47, "name": "VAM FPO", "tension_ratio": 60.0, "compression_ratio": 60.0, "internal_pressure_ratio": 100.0, "external_pressure_ratio": 100.0, "kwall": 1.0}}, {"model": "material.connection", "pk": 35, "fields": {"version": 0, "pipe": 71, "name": "VAM 21", "tension_ratio": 100.0, "compression_ratio": 100.0, "internal_pressure_ratio": 100.0, "external_pressure_ratio": 100.0, "kwall": 1.0}}, {"model": "material.connection", "pk": 36, "fields": {"version": 0, "pipe": 72, "name": "VAM 21", "tension_ratio": 100.0, "compression_ratio": 100.0, "internal_pressure_ratio": 100.0, "external_pressure_ratio": 100.0, "kwall": 1.0}}, {"model": "material.connection", "pk": 37, "fields": {"version": 0, "pipe": 70, "name": "VAM 21", "tension_ratio": 100.0, "compression_ratio": 100.0, "internal_pressure_ratio": 100.0, "external_pressure_ratio": 100.0, "kwall": 1.0}}, {"model": "material.connection", "pk": 38, "fields": {"version": 0, "pipe": 84, "name": "VAM 21", "tension_ratio": 100.0, "compression_ratio": 100.0, "internal_pressure_ratio": 100.0, "external_pressure_ratio": 100.0, "kwall": 1.0}}, {"model": "material.connection", "pk": 39, "fields": {"version": 0, "pipe": 56, "name": "VAM 21 HW-NA SC70", "tension_ratio": 70.0, "compression_ratio": 90.0, "internal_pressure_ratio": 100.0, "external_pressure_ratio": 100.0, "kwall": 1.0}}, {"model": "material.connection", "pk": 40, "fields": {"version": 0, "pipe": 92, "name": "BLUEDOCK HR 90 MTM", "tension_ratio": 100.0, "compression_ratio": 100.0, "internal_pressure_ratio": 100.0, "external_pressure_ratio": 100.0, "kwall": 1.0}}, {"model": "material.connection", "pk": 41, "fields": {"version": 0, "pipe": 93, "name": "BLUEDOCK HR 90 MTM", "tension_ratio": 100.0, "compression_ratio": 100.0, "internal_pressure_ratio": 100.0, "external_pressure_ratio": 100.0, "kwall": 1.0}}, {"model": "material.connection", "pk": 42, "fields": {"version": 0, "pipe": 94, "name": "BLUEDOCK HR 90 MTM", "tension_ratio": 100.0, "compression_ratio": 100.0, "internal_pressure_ratio": 100.0, "external_pressure_ratio": 100.0, "kwall": 1.0}}, {"model": "material.connection", "pk": 43, "fields": {"version": 0, "pipe": 95, "name": "BLUEDOCK HR 90 MTM", "tension_ratio": 100.0, "compression_ratio": 100.0, "internal_pressure_ratio": 100.0, "external_pressure_ratio": 100.0, "kwall": 1.0}}, {"model": "material.connection", "pk": 44, "fields": {"version": 0, "pipe": 96, "name": "BLUEDOCK LR 70 MTM", "tension_ratio": 100.0, "compression_ratio": 100.0, "internal_pressure_ratio": 100.0, "external_pressure_ratio": 100.0, "kwall": 1.0}}, {"model": "material.connection", "pk": 45, "fields": {"version": 0, "pipe": 9, "name": "WEDGE 513", "tension_ratio": 60.0, "compression_ratio": 60.0, "internal_pressure_ratio": 100.0, "external_pressure_ratio": 100.0, "kwall": 1.0}}, {"model": "material.connection", "pk": 46, "fields": {"version": 0, "pipe": 3, "name": "WEDGE 513", "tension_ratio": 62.4, "compression_ratio": 62.4, "internal_pressure_ratio": 100.0, "external_pressure_ratio": 100.0, "kwall": 1.0}}, {"model": "material.connection", "pk": 47, "fields": {"version": 0, "pipe": 55, "name": "WEDGE 613 DOPELESS", "tension_ratio": 68.4, "compression_ratio": 68.4, "internal_pressure_ratio": 100.0, "external_pressure_ratio": 100.0, "kwall": 1.0}}, {"model": "material.connection", "pk": 48, "fields": {"version": 0, "pipe": 36, "name": "BLUE MAX DOPELESS", "tension_ratio": 100.0, "compression_ratio": 100.0, "internal_pressure_ratio": 100.0, "external_pressure_ratio": 100.0, "kwall": 1.0}}, {"model": "material.connection", "pk": 49, "fields": {"version": 0, "pipe": 110, "name": "VAM BOLT-II", "tension_ratio": 65.0, "compression_ratio": 65.0, "internal_pressure_ratio": 100.0, "external_pressure_ratio": 100.0, "kwall": 1.0}}, {"model": "material.connection", "pk": 50, "fields": {"version": 2, "pipe": 97, "name": "VAM 21 NB SC80", "tension_ratio": 80.0, "compression_ratio": 100.0, "internal_pressure_ratio": 100.0, "external_pressure_ratio": 100.0, "kwall": 1.0}}, {"model": "material.connection", "pk": 51, "fields": {"version": 0, "pipe": 10, "name": "VAM 21", "tension_ratio": 100.0, "compression_ratio": 100.0, "internal_pressure_ratio": 100.0, "external_pressure_ratio": 100.0, "kwall": 1.0}}, {"model": "material.connection", "pk": 52, "fields": {"version": 0, "pipe": 102, "name": "VAM 21 HW-NA SC82", "tension_ratio": 82.0, "compression_ratio": 82.0, "internal_pressure_ratio": 100.0, "external_pressure_ratio": 100.0, "kwall": 1.0}}, {"model": "material.connection", "pk": 53, "fields": {"version": 0, "pipe": 101, "name": "VAM 21", "tension_ratio": 100.0, "compression_ratio": 100.0, "internal_pressure_ratio": 100.0, "external_pressure_ratio": 100.0, "kwall": 1.0}}, {"model": "material.connection", "pk": 54, "fields": {"version": 0, "pipe": 104, "name": "VAM 21", "tension_ratio": 100.0, "compression_ratio": 100.0, "internal_pressure_ratio": 100.0, "external_pressure_ratio": 100.0, "kwall": 1.0}}, {"model": "material.connection", "pk": 55, "fields": {"version": 0, "pipe": 105, "name": "VAM 21", "tension_ratio": 100.0, "compression_ratio": 100.0, "internal_pressure_ratio": 100.0, "external_pressure_ratio": 100.0, "kwall": 1.0}}, {"model": "material.connection", "pk": 56, "fields": {"version": 0, "pipe": 107, "name": "VAM FPO", "tension_ratio": 58.0, "compression_ratio": 58.0, "internal_pressure_ratio": 100.0, "external_pressure_ratio": 100.0, "kwall": 1.0}}, {"model": "material.connection", "pk": 57, "fields": {"version": 0, "pipe": 103, "name": "VAM MUST", "tension_ratio": 56.2, "compression_ratio": 56.2, "internal_pressure_ratio": 100.0, "external_pressure_ratio": 100.0, "kwall": 1.0}}, {"model": "material.connection", "pk": 58, "fields": {"version": 0, "pipe": 40, "name": "VAM 21", "tension_ratio": 100.0, "compression_ratio": 100.0, "internal_pressure_ratio": 100.0, "external_pressure_ratio": 100.0, "kwall": 1.0}}, {"model": "material.connection", "pk": 59, "fields": {"version": 0, "pipe": 100, "name": "VAM 21", "tension_ratio": 100.0, "compression_ratio": 100.0, "internal_pressure_ratio": 100.0, "external_pressure_ratio": 100.0, "kwall": 1.0}}, {"model": "material.connection", "pk": 60, "fields": {"version": 0, "pipe": 106, "name": "VAM 21", "tension_ratio": 100.0, "compression_ratio": 100.0, "internal_pressure_ratio": 100.0, "external_pressure_ratio": 100.0, "kwall": 1.0}}, {"model": "material.connection", "pk": 61, "fields": {"version": 0, "pipe": 108, "name": "VAM FPO", "tension_ratio": 58.0, "compression_ratio": 58.0, "internal_pressure_ratio": 100.0, "external_pressure_ratio": 100.0, "kwall": 1.0}}, {"model": "material.connection", "pk": 62, "fields": {"version": 0, "pipe": 50, "name": "VAM 21", "tension_ratio": 100.0, "compression_ratio": 100.0, "internal_pressure_ratio": 100.0, "external_pressure_ratio": 100.0, "kwall": 1.0}}, {"model": "material.connection", "pk": 63, "fields": {"version": 0, "pipe": 109, "name": "VAM 21", "tension_ratio": 100.0, "compression_ratio": 100.0, "internal_pressure_ratio": 100.0, "external_pressure_ratio": 100.0, "kwall": 1.0}}, {"model": "material.connection", "pk": 64, "fields": {"version": 0, "pipe": 98, "name": "VAM BOLT-NA", "tension_ratio": 60.0, "compression_ratio": 60.0, "internal_pressure_ratio": 100.0, "external_pressure_ratio": 100.0, "kwall": 1.0}}, {"model": "material.connection", "pk": 65, "fields": {"version": 0, "pipe": 111, "name": "VAM FPO", "tension_ratio": 61.0, "compression_ratio": 61.0, "internal_pressure_ratio": 100.0, "external_pressure_ratio": 100.0, "kwall": 1.0}}, {"model": "material.connection", "pk": 66, "fields": {"version": 0, "pipe": 101, "name": "VAM FPO", "tension_ratio": 60.0, "compression_ratio": 60.0, "internal_pressure_ratio": 100.0, "external_pressure_ratio": 100.0, "kwall": 1.0}}, {"model": "material.connection", "pk": 67, "fields": {"version": 0, "pipe": 104, "name": "VAM FPO", "tension_ratio": 61.0, "compression_ratio": 61.0, "internal_pressure_ratio": 100.0, "external_pressure_ratio": 100.0, "kwall": 1.0}}, {"model": "material.connection", "pk": 68, "fields": {"version": 0, "pipe": 97, "name": "VAM BOLT-II", "tension_ratio": 61.0, "compression_ratio": 61.0, "internal_pressure_ratio": 100.0, "external_pressure_ratio": 100.0, "kwall": 1.0}}, {"model": "material.connection", "pk": 69, "fields": {"version": 0, "pipe": 6, "name": "VAM 21", "tension_ratio": 100.0, "compression_ratio": 80.0, "internal_pressure_ratio": 100.0, "external_pressure_ratio": 100.0, "kwall": 1.0}}, {"model": "material.connection", "pk": 70, "fields": {"version": 0, "pipe": 89, "name": "VAM 21", "tension_ratio": 100.0, "compression_ratio": 80.0, "internal_pressure_ratio": 100.0, "external_pressure_ratio": 100.0, "kwall": 1.0}}, {"model": "material.connection", "pk": 71, "fields": {"version": 0, "pipe": 67, "name": "VAM 21", "tension_ratio": 100.0, "compression_ratio": 100.0, "internal_pressure_ratio": 100.0, "external_pressure_ratio": 100.0, "kwall": 1.0}}, {"model": "material.connection", "pk": 72, "fields": {"version": 0, "pipe": 112, "name": "VAM 21", "tension_ratio": 100.0, "compression_ratio": 100.0, "internal_pressure_ratio": 100.0, "external_pressure_ratio": 100.0, "kwall": 1.0}}, {"model": "material.connection", "pk": 73, "fields": {"version": 0, "pipe": 112, "name": "VAM TOP SC80", "tension_ratio": 80.0, "compression_ratio": 48.0, "internal_pressure_ratio": 100.0, "external_pressure_ratio": 100.0, "kwall": 1.0}}, {"model": "material.connection", "pk": 74, "fields": {"version": 0, "pipe": 113, "name": "VAM TOP SC70", "tension_ratio": 70.0, "compression_ratio": 42.0, "internal_pressure_ratio": 100.0, "external_pressure_ratio": 100.0, "kwall": 1.0}}, {"model": "material.connection", "pk": 75, "fields": {"version": 0, "pipe": 43, "name": "VAM TOP SC80", "tension_ratio": 80.0, "compression_ratio": 48.0, "internal_pressure_ratio": 100.0, "external_pressure_ratio": 100.0, "kwall": 1.0}}, {"model": "material.connection", "pk": 76, "fields": {"version": 0, "pipe": 114, "name": "JFE BEAR", "tension_ratio": 100.0, "compression_ratio": 80.0, "internal_pressure_ratio": 100.0, "external_pressure_ratio": 100.0, "kwall": 1.0}}, {"model": "material.rock", "pk": 1, "fields": {"version": 0, "name": "AGV", "display_name": "Aglomerado Vulc\u00e2nico", "image": "litologia_AGV.png", "permeable": true, "salt": false, "created_at": "2017-11-17T17:21:50.075Z", "updated_at": "2017-11-17T17:21:50.075Z"}}, {"model": "material.rock", "pk": 2, "fields": {"version": 0, "name": "ADT", "display_name": "Andesito", "image": "litologia_ADT.png", "permeable": true, "salt": false, "created_at": "2017-11-17T17:21:50.168Z", "updated_at": "2017-11-17T17:21:50.168Z"}}, {"model": "material.rock", "pk": 3, "fields": {"version": 0, "name": "AND", "display_name": "Anidrita", "image": "litologia_AND.png", "permeable": false, "salt": true, "created_at": "2017-11-17T17:21:50.203Z", "updated_at": "2018-07-16T19:56:15.226Z"}}, {"model": "material.rock", "pk": 4, "fields": {"version": 0, "name": "ARS", "display_name": "Ardosia", "image": "litologia_ARS.png", "permeable": true, "salt": false, "created_at": "2017-11-17T17:21:50.234Z", "updated_at": "2017-11-17T17:21:50.234Z"}}, {"model": "material.rock", "pk": 5, "fields": {"version": 0, "name": "ARE", "display_name": "Areia", "image": "litologia_ARE.png", "permeable": true, "salt": false, "created_at": "2017-11-17T17:21:50.268Z", "updated_at": "2017-11-17T17:21:50.268Z"}}, {"model": "material.rock", "pk": 6, "fields": {"version": 0, "name": "ARN", "display_name": "Arenito", "image": "litologia_ARN.png", "permeable": true, "salt": false, "created_at": "2017-11-17T17:21:50.302Z", "updated_at": "2017-11-17T17:21:50.303Z"}}, {"model": "material.rock", "pk": 7, "fields": {"version": 0, "name": "ARL", "display_name": "Arenito Argiloso", "image": "litologia_ARL.png", "permeable": true, "salt": false, "created_at": "2017-11-17T17:21:50.338Z", "updated_at": "2017-11-17T17:21:50.338Z"}}, {"model": "material.rock", "pk": 8, "fields": {"version": 0, "name": "ARB", "display_name": "Arenito Bioturbado", "image": "litologia_ARB.png", "permeable": true, "salt": false, "created_at": "2017-11-17T17:21:50.369Z", "updated_at": "2017-11-17T17:21:50.369Z"}}, {"model": "material.rock", "pk": 9, "fields": {"version": 0, "name": "ARC", "display_name": "Arenito Carbon\u00e1tico", "image": "litologia_ARC.png", "permeable": true, "salt": false, "created_at": "2017-11-17T17:21:50.408Z", "updated_at": "2017-11-17T17:21:50.408Z"}}, {"model": "material.rock", "pk": 10, "fields": {"version": 0, "name": "ARO", "display_name": "Arenito Conglomer\u00e1tico", "image": "litologia_ARO.png", "permeable": true, "salt": false, "created_at": "2017-11-17T17:21:50.452Z", "updated_at": "2017-11-17T17:21:50.452Z"}}, {"model": "material.rock", "pk": 11, "fields": {"version": 0, "name": "ARF", "display_name": "Arenito Fosf\u00e1tico", "image": "litologia_ARF.png", "permeable": true, "salt": false, "created_at": "2017-11-17T17:21:50.486Z", "updated_at": "2017-11-17T17:21:50.486Z"}}, {"model": "material.rock", "pk": 12, "fields": {"version": 0, "name": "ART", "display_name": "Arenito Tobaceo", "image": "litologia_ART.png", "permeable": true, "salt": false, "created_at": "2017-11-17T17:21:50.522Z", "updated_at": "2017-11-17T17:21:50.522Z"}}, {"model": "material.rock", "pk": 13, "fields": {"version": 0, "name": "ARG", "display_name": "Argila", "image": "litologia_ARG.png", "permeable": true, "salt": false, "created_at": "2017-11-17T17:21:50.550Z", "updated_at": "2017-11-17T17:21:50.550Z"}}, {"model": "material.rock", "pk": 14, "fields": {"version": 0, "name": "AGT", "display_name": "Argilito", "image": "litologia_AGT.png", "permeable": true, "salt": false, "created_at": "2017-11-17T17:21:50.571Z", "updated_at": "2017-11-17T17:21:50.571Z"}}, {"model": "material.rock", "pk": 15, "fields": {"version": 0, "name": "AGN", "display_name": "Argilito Arenoso", "image": "litologia_AGN.png", "permeable": true, "salt": false, "created_at": "2017-11-17T17:21:50.622Z", "updated_at": "2017-11-17T17:21:50.622Z"}}, {"model": "material.rock", "pk": 16, "fields": {"version": 0, "name": "AGL", "display_name": "Argilito Carbon\u00e1tico", "image": "litologia_AGL.png", "permeable": true, "salt": false, "created_at": "2017-11-17T17:21:50.648Z", "updated_at": "2017-11-17T17:21:50.648Z"}}, {"model": "material.rock", "pk": 17, "fields": {"version": 0, "name": "AGC", "display_name": "Argilito Carbonoso", "image": "litologia_AGC.png", "permeable": true, "salt": false, "created_at": "2017-11-17T17:21:50.681Z", "updated_at": "2017-11-17T17:21:50.681Z"}}, {"model": "material.rock", "pk": 18, "fields": {"version": 0, "name": "AGS", "display_name": "Argilito S\u00edltico", "image": "litologia_AGS.png", "permeable": true, "salt": false, "created_at": "2017-11-17T17:21:50.707Z", "updated_at": "2017-11-17T17:21:50.707Z"}}, {"model": "material.rock", "pk": 19, "fields": {"version": 0, "name": "AGB", "display_name": "Argilito Tobaceo", "image": "litologia_AGB.png", "permeable": true, "salt": false, "created_at": "2017-11-17T17:21:50.729Z", "updated_at": "2017-11-17T17:21:50.729Z"}}, {"model": "material.rock", "pk": 20, "fields": {"version": 0, "name": "BAF", "display_name": "Bafflestone", "image": "litologia_BAF.png", "permeable": true, "salt": false, "created_at": "2017-11-17T17:21:50.749Z", "updated_at": "2017-11-17T17:21:50.749Z"}}, {"model": "material.rock", "pk": 21, "fields": {"version": 0, "name": "BAS", "display_name": "Basalto", "image": "litologia_BAS.png", "permeable": true, "salt": false, "created_at": "2017-11-17T17:21:50.767Z", "updated_at": "2017-11-17T17:21:50.767Z"}}, {"model": "material.rock", "pk": 22, "fields": {"version": 0, "name": "BIN", "display_name": "Bindstone", "image": "litologia_BIN.png", "permeable": true, "salt": false, "created_at": "2017-11-17T17:21:50.781Z", "updated_at": "2017-11-17T17:21:50.781Z"}}, {"model": "material.rock", "pk": 23, "fields": {"version": 0, "name": "BLT", "display_name": "Biolitito", "image": "litologia_BLT.png", "permeable": true, "salt": false, "created_at": "2017-11-17T17:21:50.814Z", "updated_at": "2017-11-17T17:21:50.814Z"}}, {"model": "material.rock", "pk": 24, "fields": {"version": 0, "name": "BOU", "display_name": "Boundstone", "image": "litologia_BOU.png", "permeable": true, "salt": false, "created_at": "2017-11-17T17:21:50.842Z", "updated_at": "2017-11-17T17:21:50.843Z"}}, {"model": "material.rock", "pk": 25, "fields": {"version": 0, "name": "BDA", "display_name": "Boundstone Arborescente", "image": "litologia_BDA.png", "permeable": true, "salt": false, "created_at": "2017-11-17T17:21:50.874Z", "updated_at": "2017-11-17T17:21:50.874Z"}}, {"model": "material.rock", "pk": 26, "fields": {"version": 0, "name": "BDL", "display_name": "Boundstone Laminado", "image": "litologia_BDL.png", "permeable": true, "salt": false, "created_at": "2017-11-17T17:21:50.911Z", "updated_at": "2017-11-17T17:21:50.911Z"}}, {"model": "material.rock", "pk": 27, "fields": {"version": 0, "name": "BRC", "display_name": "Brecha", "image": "litologia_BRC.png", "permeable": true, "salt": false, "created_at": "2017-11-17T17:21:50.946Z", "updated_at": "2017-11-17T17:21:50.946Z"}}, {"model": "material.rock", "pk": 28, "fields": {"version": 0, "name": "BRR", "display_name": "Brecha Carbon\u00e1tica", "image": "litologia_BRR.png", "permeable": true, "salt": false, "created_at": "2017-11-17T17:21:50.966Z", "updated_at": "2017-11-17T17:21:50.966Z"}}, {"model": "material.rock", "pk": 29, "fields": {"version": 0, "name": "BRV", "display_name": "Brecha Vulc\u00e2nica", "image": "litologia_BRV.png", "permeable": true, "salt": false, "created_at": "2017-11-17T17:21:50.995Z", "updated_at": "2017-11-17T17:21:50.995Z"}}, {"model": "material.rock", "pk": 30, "fields": {"version": 0, "name": "CRE", "display_name": "Calcarenito", "image": "litologia_CRE.png", "permeable": true, "salt": false, "created_at": "2017-11-17T17:21:51.018Z", "updated_at": "2017-11-17T17:21:51.018Z"}}, {"model": "material.rock", "pk": 31, "fields": {"version": 0, "name": "CAL", "display_name": "Calcario", "image": "litologia_CAL.png", "permeable": true, "salt": false, "created_at": "2017-11-17T17:21:51.062Z", "updated_at": "2017-11-17T17:21:51.062Z"}}, {"model": "material.rock", "pk": 32, "fields": {"version": 0, "name": "CLC", "display_name": "Calcario Cristalino", "image": "litologia_CLC.png", "permeable": true, "salt": false, "created_at": "2017-11-17T17:21:51.088Z", "updated_at": "2017-11-17T17:21:51.088Z"}}, {"model": "material.rock", "pk": 33, "fields": {"version": 0, "name": "CLU", "display_name": "Calcilutito", "image": "litologia_CLU.png", "permeable": true, "salt": false, "created_at": "2017-11-17T17:21:51.120Z", "updated_at": "2017-11-17T17:21:51.120Z"}}, {"model": "material.rock", "pk": 34, "fields": {"version": 0, "name": "CRU", "display_name": "Calcirudito", "image": "litologia_CRU.png", "permeable": true, "salt": false, "created_at": "2017-11-17T17:21:51.147Z", "updated_at": "2017-11-17T17:21:51.147Z"}}, {"model": "material.rock", "pk": 35, "fields": {"version": 0, "name": "CSI", "display_name": "Calcissiltito", "image": "litologia_CSI.png", "permeable": true, "salt": false, "created_at": "2017-11-17T17:21:51.166Z", "updated_at": "2017-11-17T17:21:51.166Z"}}, {"model": "material.rock", "pk": 36, "fields": {"version": 0, "name": "CRN", "display_name": "Carnalita", "image": "litologia_CRN.png", "permeable": false, "salt": true, "created_at": "2017-11-17T17:21:51.196Z", "updated_at": "2018-07-16T19:56:54.437Z"}}, {"model": "material.rock", "pk": 37, "fields": {"version": 0, "name": "CRV", "display_name": "Carvao", "image": "litologia_CRV.png", "permeable": true, "salt": false, "created_at": "2017-11-17T17:21:51.215Z", "updated_at": "2017-11-17T17:21:51.215Z"}}, {"model": "material.rock", "pk": 38, "fields": {"version": 0, "name": "CHT", "display_name": "Chert", "image": "litologia_CHT.png", "permeable": true, "salt": false, "created_at": "2017-11-17T17:21:51.237Z", "updated_at": "2017-11-17T17:21:51.237Z"}}, {"model": "material.rock", "pk": 39, "fields": {"version": 0, "name": "CIM", "display_name": "Cimento", "image": "litologia_CIM.png", "permeable": true, "salt": false, "created_at": "2017-11-17T17:21:51.262Z", "updated_at": "2017-11-17T17:21:51.262Z"}}, {"model": "material.rock", "pk": 40, "fields": {"version": 0, "name": "CGL", "display_name": "Conglomerado", "image": "litologia_CGL.png", "permeable": true, "salt": false, "created_at": "2017-11-17T17:21:51.289Z", "updated_at": "2017-11-17T17:21:51.289Z"}}, {"model": "material.rock", "pk": 41, "fields": {"version": 0, "name": "COQ", "display_name": "Coquina", "image": "litologia_COQ.png", "permeable": true, "salt": false, "created_at": "2017-11-17T17:21:51.311Z", "updated_at": "2017-11-17T17:21:51.311Z"}}, {"model": "material.rock", "pk": 42, "fields": {"version": 0, "name": "DCT", "display_name": "Dacito", "image": "litologia_DCT.png", "permeable": true, "salt": false, "created_at": "2017-11-17T17:21:51.337Z", "updated_at": "2017-11-17T17:21:51.337Z"}}, {"model": "material.rock", "pk": 43, "fields": {"version": 0, "name": "DIA", "display_name": "Diabasio", "image": "litologia_DIA.png", "permeable": true, "salt": false, "created_at": "2017-11-17T17:21:51.362Z", "updated_at": "2017-11-17T17:21:51.362Z"}}, {"model": "material.rock", "pk": 44, "fields": {"version": 0, "name": "DMT", "display_name": "Diamictito", "image": "litologia_DMT.png", "permeable": true, "salt": false, "created_at": "2017-11-17T17:21:51.384Z", "updated_at": "2017-11-17T17:21:51.384Z"}}, {"model": "material.rock", "pk": 45, "fields": {"version": 0, "name": "DIO", "display_name": "Diorito", "image": "litologia_DIO.png", "permeable": true, "salt": false, "created_at": "2017-11-17T17:21:51.409Z", "updated_at": "2017-11-17T17:21:51.409Z"}}, {"model": "material.rock", "pk": 46, "fields": {"version": 0, "name": "DOL", "display_name": "Dolomito", "image": "litologia_DOL.png", "permeable": true, "salt": false, "created_at": "2017-11-17T17:21:51.424Z", "updated_at": "2017-11-17T17:21:51.424Z"}}, {"model": "material.rock", "pk": 47, "fields": {"version": 0, "name": "FNG", "display_name": "Fangolita", "image": "litologia_FNG.png", "permeable": true, "salt": false, "created_at": "2017-11-17T17:21:51.442Z", "updated_at": "2017-11-17T17:21:51.442Z"}}, {"model": "material.rock", "pk": 48, "fields": {"version": 0, "name": "FLT", "display_name": "Filito", "image": "litologia_FLT.png", "permeable": true, "salt": false, "created_at": "2017-11-17T17:21:51.462Z", "updated_at": "2017-11-17T17:21:51.462Z"}}, {"model": "material.rock", "pk": 49, "fields": {"version": 0, "name": "FLO", "display_name": "Floatstone", "image": "litologia_FLO.png", "permeable": true, "salt": false, "created_at": "2017-11-17T17:21:51.503Z", "updated_at": "2017-11-17T17:21:51.503Z"}}, {"model": "material.rock", "pk": 50, "fields": {"version": 0, "name": "FLH", "display_name": "Folhelho", "image": "litologia_FLH.png", "permeable": true, "salt": false, "created_at": "2017-11-17T17:21:51.532Z", "updated_at": "2017-11-17T17:21:51.532Z"}}, {"model": "material.rock", "pk": 51, "fields": {"version": 0, "name": "FLS", "display_name": "Folhelho Siltico", "image": "litologia_FLS.png", "permeable": true, "salt": false, "created_at": "2017-11-17T17:21:51.563Z", "updated_at": "2017-11-17T17:21:51.563Z"}}, {"model": "material.rock", "pk": 52, "fields": {"version": 0, "name": "FNT", "display_name": "Fonolito", "image": "litologia_FNT.png", "permeable": true, "salt": false, "created_at": "2017-11-17T17:21:51.593Z", "updated_at": "2017-11-17T17:21:51.593Z"}}, {"model": "material.rock", "pk": 53, "fields": {"version": 0, "name": "PHO", "display_name": "Fosforita", "image": "litologia_PHO.png", "permeable": true, "salt": false, "created_at": "2017-11-17T17:21:51.618Z", "updated_at": "2017-11-17T17:21:51.618Z"}}, {"model": "material.rock", "pk": 54, "fields": {"version": 0, "name": "FRA", "display_name": "Framestone", "image": "litologia_FRA.png", "permeable": true, "salt": false, "created_at": "2017-11-17T17:21:51.647Z", "updated_at": "2017-11-17T17:21:51.647Z"}}, {"model": "material.rock", "pk": 55, "fields": {"version": 0, "name": "GIP", "display_name": "Gipsita", "image": "litologia_GIP.png", "permeable": true, "salt": false, "created_at": "2017-11-17T17:21:51.673Z", "updated_at": "2017-11-17T17:21:51.673Z"}}, {"model": "material.rock", "pk": 56, "fields": {"version": 0, "name": "GNA", "display_name": "Gnaisse", "image": "litologia_GNA.png", "permeable": true, "salt": false, "created_at": "2017-11-17T17:21:51.702Z", "updated_at": "2017-11-17T17:21:51.702Z"}}, {"model": "material.rock", "pk": 57, "fields": {"version": 0, "name": "GRS", "display_name": "Grainstone", "image": "litologia_GRS.png", "permeable": true, "salt": false, "created_at": "2017-11-17T17:21:51.743Z", "updated_at": "2017-11-17T17:21:51.743Z"}}, {"model": "material.rock", "pk": 58, "fields": {"version": 0, "name": "GRN", "display_name": "Granito", "image": "litologia_GRN.png", "permeable": true, "salt": false, "created_at": "2017-11-17T17:21:51.777Z", "updated_at": "2017-11-17T17:21:51.777Z"}}, {"model": "material.rock", "pk": 59, "fields": {"version": 0, "name": "GRD", "display_name": "Granodiorito", "image": "litologia_GRD.png", "permeable": true, "salt": false, "created_at": "2017-11-17T17:21:51.801Z", "updated_at": "2017-11-17T17:21:51.801Z"}}, {"model": "material.rock", "pk": 60, "fields": {"version": 0, "name": "HAL", "display_name": "Halita", "image": "litologia_HAL.png", "permeable": false, "salt": true, "created_at": "2017-11-17T17:21:51.831Z", "updated_at": "2018-07-16T19:57:13.081Z"}}, {"model": "material.rock", "pk": 61, "fields": {"version": 0, "name": "INI", "display_name": "\u00cdgnea n\u00e3o identificada", "image": "litologia_INI.png", "permeable": true, "salt": false, "created_at": "2017-11-17T17:21:51.853Z", "updated_at": "2017-11-17T17:21:51.853Z"}}, {"model": "material.rock", "pk": 62, "fields": {"version": 0, "name": "IGB", "display_name": "Ignimbrito", "image": "litologia_IGB.png", "permeable": true, "salt": false, "created_at": "2017-11-17T17:21:51.877Z", "updated_at": "2017-11-17T17:21:51.877Z"}}, {"model": "material.rock", "pk": 63, "fields": {"version": 0, "name": "LPL", "display_name": "Lapilli", "image": "litologia_LPL.png", "permeable": true, "salt": false, "created_at": "2017-11-17T17:21:51.918Z", "updated_at": "2017-11-17T17:21:51.918Z"}}, {"model": "material.rock", "pk": 64, "fields": {"version": 0, "name": "LMA", "display_name": "Limoarcilita", "image": "litologia_LMA.png", "permeable": true, "salt": false, "created_at": "2017-11-17T17:21:51.947Z", "updated_at": "2017-11-17T17:21:51.947Z"}}, {"model": "material.rock", "pk": 65, "fields": {"version": 0, "name": "LNT", "display_name": "Linhito", "image": "litologia_LNT.png", "permeable": true, "salt": false, "created_at": "2017-11-17T17:21:51.979Z", "updated_at": "2017-11-17T17:21:51.979Z"}}, {"model": "material.rock", "pk": 66, "fields": {"version": 0, "name": "MRG", "display_name": "Marga", "image": "litologia_MRG.png", "permeable": true, "salt": false, "created_at": "2017-11-17T17:21:52.015Z", "updated_at": "2017-11-17T17:21:52.015Z"}}, {"model": "material.rock", "pk": 67, "fields": {"version": 0, "name": "MRM", "display_name": "Marmore", "image": "litologia_MRM.png", "permeable": true, "salt": false, "created_at": "2017-11-17T17:21:52.033Z", "updated_at": "2017-11-17T17:21:52.033Z"}}, {"model": "material.rock", "pk": 68, "fields": {"version": 0, "name": "MRD", "display_name": "Marmore Dolomitico", "image": "litologia_MRD.png", "permeable": true, "salt": false, "created_at": "2017-11-17T17:21:52.047Z", "updated_at": "2017-11-17T17:21:52.047Z"}}, {"model": "material.rock", "pk": 69, "fields": {"version": 0, "name": "MAR", "display_name": "Meta-Arenito", "image": "litologia_MAR.png", "permeable": true, "salt": false, "created_at": "2017-11-17T17:21:52.066Z", "updated_at": "2017-11-17T17:21:52.066Z"}}, {"model": "material.rock", "pk": 70, "fields": {"version": 0, "name": "MNI", "display_name": "Metamorfica n\u00e3o identificada", "image": "litologia_MNI.png", "permeable": true, "salt": false, "created_at": "2017-11-17T17:21:52.082Z", "updated_at": "2017-11-17T17:21:52.082Z"}}, {"model": "material.rock", "pk": 71, "fields": {"version": 0, "name": "MSD", "display_name": "Metassedimento", "image": "litologia_MSD.png", "permeable": true, "salt": false, "created_at": "2017-11-17T17:21:52.105Z", "updated_at": "2017-11-17T17:21:52.105Z"}}, {"model": "material.rock", "pk": 72, "fields": {"version": 0, "name": "MSI", "display_name": "Metassiltito", "image": "litologia_MSI.png", "permeable": true, "salt": false, "created_at": "2017-11-17T17:21:52.125Z", "updated_at": "2017-11-17T17:21:52.125Z"}}, {"model": "material.rock", "pk": 73, "fields": {"version": 0, "name": "MDS", "display_name": "Mudstone", "image": "litologia_MDS.png", "permeable": true, "salt": false, "created_at": "2017-11-17T17:21:52.149Z", "updated_at": "2017-11-17T17:21:52.149Z"}}, {"model": "material.rock", "pk": 74, "fields": {"version": 0, "name": "PKS", "display_name": "Packstone", "image": "litologia_PKS.png", "permeable": true, "salt": false, "created_at": "2017-11-17T17:21:52.167Z", "updated_at": "2017-11-17T17:21:52.167Z"}}, {"model": "material.rock", "pk": 75, "fields": {"version": 0, "name": "QZT", "display_name": "Quartzito", "image": "litologia_QZT.png", "permeable": true, "salt": false, "created_at": "2017-11-17T17:21:52.186Z", "updated_at": "2017-11-17T17:21:52.186Z"}}, {"model": "material.rock", "pk": 76, "fields": {"version": 0, "name": "RLT", "display_name": "Riolito", "image": "litologia_RLT.png", "permeable": true, "salt": false, "created_at": "2017-11-17T17:21:52.230Z", "updated_at": "2017-11-17T17:21:52.230Z"}}, {"model": "material.rock", "pk": 77, "fields": {"version": 0, "name": "VCL", "display_name": "Rocha Vulcanocl\u00e1stica", "image": "litologia_VCL.png", "permeable": true, "salt": false, "created_at": "2017-11-17T17:21:52.264Z", "updated_at": "2017-11-17T17:21:52.264Z"}}, {"model": "material.rock", "pk": 78, "fields": {"version": 0, "name": "RDS", "display_name": "Rudstone", "image": "litologia_RDS.png", "permeable": true, "salt": false, "created_at": "2017-11-17T17:21:52.305Z", "updated_at": "2017-11-17T17:21:52.305Z"}}, {"model": "material.rock", "pk": 79, "fields": {"version": 0, "name": "SNI", "display_name": "Sal n\u00e3o identificado", "image": "litologia_SNI.png", "permeable": false, "salt": true, "created_at": "2017-11-17T17:21:52.340Z", "updated_at": "2018-07-16T19:57:26.454Z"}}, {"model": "material.rock", "pk": 80, "fields": {"version": 0, "name": "SID", "display_name": "Siderita", "image": "litologia_SID.png", "permeable": true, "salt": false, "created_at": "2017-11-17T17:21:52.381Z", "updated_at": "2017-11-17T17:21:52.381Z"}}, {"model": "material.rock", "pk": 81, "fields": {"version": 0, "name": "SNT", "display_name": "Sienito", "image": "litologia_SNT.png", "permeable": true, "salt": false, "created_at": "2017-11-17T17:21:52.405Z", "updated_at": "2017-11-17T17:21:52.405Z"}}, {"model": "material.rock", "pk": 82, "fields": {"version": 0, "name": "SLX", "display_name": "Silexito", "image": "litologia_SLX.png", "permeable": true, "salt": false, "created_at": "2017-11-17T17:21:52.431Z", "updated_at": "2017-11-17T17:21:52.431Z"}}, {"model": "material.rock", "pk": 83, "fields": {"version": 0, "name": "SLT", "display_name": "Siltito", "image": "litologia_SLT.png", "permeable": true, "salt": false, "created_at": "2017-11-17T17:21:52.453Z", "updated_at": "2017-11-17T17:21:52.453Z"}}, {"model": "material.rock", "pk": 84, "fields": {"version": 0, "name": "SLV", "display_name": "Silvinita", "image": "litologia_SLV.png", "permeable": true, "salt": false, "created_at": "2017-11-17T17:21:52.480Z", "updated_at": "2017-11-17T17:21:52.480Z"}}, {"model": "material.rock", "pk": 85, "fields": {"version": 0, "name": "TES", "display_name": "Talcoestivencita", "image": "litologia_TES.png", "permeable": true, "salt": false, "created_at": "2017-11-17T17:21:52.519Z", "updated_at": "2017-11-17T17:21:52.519Z"}}, {"model": "material.rock", "pk": 86, "fields": {"version": 0, "name": "TQD", "display_name": "Taquidrita", "image": "litologia_TQD.png", "permeable": false, "salt": true, "created_at": "2017-11-17T17:21:52.550Z", "updated_at": "2018-07-16T19:57:34.313Z"}}, {"model": "material.rock", "pk": 87, "fields": {"version": 0, "name": "TIL", "display_name": "Tilito", "image": "litologia_TIL.png", "permeable": true, "salt": false, "created_at": "2017-11-17T17:21:52.576Z", "updated_at": "2017-11-17T17:21:52.576Z"}}, {"model": "material.rock", "pk": 88, "fields": {"version": 0, "name": "TOB", "display_name": "Toba", "image": "litologia_TOB.png", "permeable": true, "salt": false, "created_at": "2017-11-17T17:21:52.599Z", "updated_at": "2017-11-17T17:21:52.599Z"}}, {"model": "material.rock", "pk": 89, "fields": {"version": 0, "name": "TON", "display_name": "Toba Arenosa", "image": "litologia_TON.png", "permeable": true, "salt": false, "created_at": "2017-11-17T17:21:52.616Z", "updated_at": "2017-11-17T17:21:52.616Z"}}, {"model": "material.rock", "pk": 90, "fields": {"version": 0, "name": "TOL", "display_name": "Toba Argilosa", "image": "litologia_TOL.png", "permeable": true, "salt": false, "created_at": "2017-11-17T17:21:52.641Z", "updated_at": "2017-11-17T17:21:52.641Z"}}, {"model": "material.rock", "pk": 91, "fields": {"version": 0, "name": "TOS", "display_name": "Toba Siltica", "image": "litologia_TOS.png", "permeable": true, "salt": false, "created_at": "2017-11-17T17:21:52.658Z", "updated_at": "2017-11-17T17:21:52.658Z"}}, {"model": "material.rock", "pk": 92, "fields": {"version": 0, "name": "TQT", "display_name": "Traquito", "image": "litologia_TQT.png", "permeable": true, "salt": false, "created_at": "2017-11-17T17:21:52.674Z", "updated_at": "2017-11-17T17:21:52.674Z"}}, {"model": "material.rock", "pk": 93, "fields": {"version": 0, "name": "TUF", "display_name": "Tufo Vulc\u00e2nico", "image": "litologia_TUF.png", "permeable": true, "salt": false, "created_at": "2017-11-17T17:21:52.690Z", "updated_at": "2017-11-17T17:21:52.690Z"}}, {"model": "material.rock", "pk": 94, "fields": {"version": 0, "name": "ULB", "display_name": "Ultrabasica", "image": "litologia_ULB.png", "permeable": true, "salt": false, "created_at": "2017-11-17T17:21:52.710Z", "updated_at": "2017-11-17T17:21:52.710Z"}}, {"model": "material.rock", "pk": 95, "fields": {"version": 0, "name": "VNI", "display_name": "Vulcanica n\u00e3o identificada", "image": "litologia_VNI.png", "permeable": true, "salt": false, "created_at": "2017-11-17T17:21:52.750Z", "updated_at": "2017-11-17T17:21:52.750Z"}}, {"model": "material.rock", "pk": 96, "fields": {"version": 0, "name": "WKS", "display_name": "Wackestone", "image": "litologia_WKS.png", "permeable": true, "salt": false, "created_at": "2017-11-17T17:21:52.783Z", "updated_at": "2017-11-17T17:21:52.783Z"}}, {"model": "material.rock", "pk": 97, "fields": {"version": 0, "name": "XST", "display_name": "Xisto", "image": "litologia_XST.png", "permeable": true, "salt": false, "created_at": "2017-11-17T17:21:52.801Z", "updated_at": "2017-11-17T17:21:52.801Z"}}, {"model": "material.rock", "pk": 98, "fields": {"version": 0, "name": "AND_TQD_CRN", "display_name": "Anidrita Intercalada com Taquidrita e Carnalita", "image": "litologia_AND_TQD_CRN.png", "permeable": false, "salt": true, "created_at": "2017-11-17T17:21:52.824Z", "updated_at": "2018-07-16T19:57:43.412Z"}}, {"model": "material.rock", "pk": 99, "fields": {"version": 0, "name": "HAL_IGN", "display_name": "Halita Intercalada com \u00cdgnea", "image": "litologia_HAL_IGN.png", "permeable": false, "salt": true, "created_at": "2017-11-17T17:21:52.841Z", "updated_at": "2018-07-16T19:57:45.576Z"}}]